pctf,target,horizon,model,mae,rmse,n_rows_pctf,n_train,n_test
MEDVEJA,iesire_auto,1,HistGradientBoosting,0.12856521481941371,0.2609524902585284,26304,20908.0,5227.0
CLOCUSNA,iesire_auto,1,HistGradientBoosting,0.23917169212876851,0.4826558087050872,26304,20908.0,5227.0
GRIMANCAUTI,iesire_auto,1,HistGradientBoosting,0.4564123574881322,0.7194672843803173,26304,20908.0,5227.0
SAITI,iesire_auto,1,HistGradientBoosting,0.484540436010414,0.8311627138086289,26304,20908.0,5227.0
CISMICHIOI,iesire_auto,1,HistGradientBoosting,0.895157368460116,1.3210124016434965,26304,20908.0,5227.0
OCNITA,iesire_auto,1,HistGradientBoosting,1.0605815258027997,1.5787240871716657,26304,20908.0,5227.0
LARGA,iesire_auto,1,HistGradientBoosting,1.0660575179067004,1.7146342755352522,26304,20908.0,5227.0
BASARABEASCA,iesire_auto,1,HistGradientBoosting,1.121121622348656,1.6478167147791176,26304,20908.0,5227.0
UNGURI,iesire_auto,1,HistGradientBoosting,1.3607096132428285,2.1086161465855273,26304,20908.0,5227.0
BRICENI,iesire_auto,1,HistGradientBoosting,1.8843462355021918,2.5478621152877627,26304,20908.0,5227.0
MIRNOE,iesire_auto,1,HistGradientBoosting,1.907055233958652,2.6111052745839918,26304,20908.0,5227.0
VULCANESTI,iesire_auto,1,HistGradientBoosting,2.2148636201472027,2.9208381065646107,26304,20908.0,5227.0
RADAUTI,iesire_auto,1,HistGradientBoosting,2.6867393549867953,3.7094349103977478,26304,20908.0,5227.0
CRIVA,iesire_auto,1,HistGradientBoosting,3.4983794338206637,4.773575517320114,26304,20908.0,5227.0
OTACI,iesire_auto,1,HistGradientBoosting,3.642863556333515,4.707791310861403,26304,20908.0,5227.0
COSTESTI,iesire_auto,1,HistGradientBoosting,4.32722132514512,5.601953389617754,26304,20908.0,5227.0
RENI,iesire_auto,1,HistGradientBoosting,4.689844557840686,5.961990780687598,26304,20908.0,5227.0
CAHUL,iesire_auto,1,HistGradientBoosting,5.63631634559124,7.35673539511051,26304,20908.0,5227.0
PALANCA,iesire_auto,1,HistGradientBoosting,6.1898045455962265,8.283148401947916,26304,20908.0,5227.0
TUDORA,iesire_auto,1,HistGradientBoosting,6.363683949150768,8.889489656352985,26304,20908.0,5227.0
GIURGIULESTI,iesire_auto,1,HistGradientBoosting,7.613178891707589,9.892164698000462,26304,20908.0,5227.0
SCULENI,iesire_auto,1,HistGradientBoosting,11.03440460924519,15.245041377905121,26304,20908.0,5227.0
LEUSENI,iesire_auto,1,HistGradientBoosting,11.79532869235681,15.993200943609072,26304,20908.0,5227.0
MEDVEJA,intrare_auto,1,HistGradientBoosting,0.12293849081459508,0.2535050287624963,26304,20908.0,5227.0
CLOCUSNA,intrare_auto,1,HistGradientBoosting,0.21888548435431604,0.4403956166350922,26304,20908.0,5227.0
GRIMANCAUTI,intrare_auto,1,HistGradientBoosting,0.40269802993115345,0.6268958551029804,26304,20908.0,5227.0
SAITI,intrare_auto,1,HistGradientBoosting,0.43423771398994204,0.7133413648137712,26304,20908.0,5227.0
CISMICHIOI,intrare_auto,1,HistGradientBoosting,0.7280102774636118,1.1567710921431862,26304,20908.0,5227.0
LARGA,intrare_auto,1,HistGradientBoosting,0.9348384535787494,1.7343876046852942,26304,20908.0,5227.0
OCNITA,intrare_auto,1,HistGradientBoosting,0.9964847038058853,1.6067161005361443,26304,20908.0,5227.0
BASARABEASCA,intrare_auto,1,HistGradientBoosting,1.042308405955292,1.6569080931246631,26304,20908.0,5227.0
UNGURI,intrare_auto,1,HistGradientBoosting,1.4060572700744198,2.1203392058523,26304,20908.0,5227.0
BRICENI,intrare_auto,1,HistGradientBoosting,1.8328150755731671,2.6247098002027736,26304,20908.0,5227.0
MIRNOE,intrare_auto,1,HistGradientBoosting,2.0261681232090782,2.8673535544809043,26304,20908.0,5227.0
VULCANESTI,intrare_auto,1,HistGradientBoosting,2.3191070518360926,3.2178517298010885,26304,20908.0,5227.0
RADAUTI,intrare_auto,1,HistGradientBoosting,2.620864180629296,3.6840038428291026,26304,20908.0,5227.0
RENI,intrare_auto,1,HistGradientBoosting,3.2644104392592435,4.354145428043767,26304,20908.0,5227.0
OTACI,intrare_auto,1,HistGradientBoosting,3.7098411369518525,4.80320287944993,26304,20908.0,5227.0
CRIVA,intrare_auto,1,HistGradientBoosting,3.839872409564352,5.138337343981917,26304,20908.0,5227.0
COSTESTI,intrare_auto,1,HistGradientBoosting,4.422516844447257,5.798765590169302,26304,20908.0,5227.0
PALANCA,intrare_auto,1,HistGradientBoosting,6.1328432302959595,8.286822136946927,26304,20908.0,5227.0
CAHUL,intrare_auto,1,HistGradientBoosting,6.420264525303681,8.481659685343613,26304,20908.0,5227.0
TUDORA,intrare_auto,1,RandomForest,6.535988337434996,8.809275807851284,26304,20908.0,5227.0
GIURGIULESTI,intrare_auto,1,HistGradientBoosting,7.288280088888984,9.510378712702144,26304,20908.0,5227.0
SCULENI,intrare_auto,1,HistGradientBoosting,13.195263515774633,18.296328440684505,26304,20908.0,5227.0
LEUSENI,intrare_auto,1,HistGradientBoosting,13.239122946402922,17.908796176070055,26304,20908.0,5227.0
MEDVEJA,iesire_auto,3,RandomForest,0.12956490549721889,0.2950433613471772,26304,20906.0,5227.0
CLOCUSNA,iesire_auto,3,HistGradientBoosting,0.2396496154424637,0.4865103150113049,26304,20906.0,5227.0
GRIMANCAUTI,iesire_auto,3,HistGradientBoosting,0.459025865459055,0.720256602423654,26304,20906.0,5227.0
SAITI,iesire_auto,3,HistGradientBoosting,0.4835398342768735,0.8327019689720893,26304,20906.0,5227.0
CISMICHIOI,iesire_auto,3,HistGradientBoosting,0.9017481785361844,1.3314124038168582,26304,20906.0,5227.0
OCNITA,iesire_auto,3,HistGradientBoosting,1.0528389729807646,1.5585482516233753,26304,20906.0,5227.0
LARGA,iesire_auto,3,HistGradientBoosting,1.0686784013641253,1.724511683458889,26304,20906.0,5227.0
BASARABEASCA,iesire_auto,3,HistGradientBoosting,1.123747563932336,1.6527998190273594,26304,20906.0,5227.0
UNGURI,iesire_auto,3,HistGradientBoosting,1.3631976340788867,2.1118547579402955,26304,20906.0,5227.0
BRICENI,iesire_auto,3,HistGradientBoosting,1.8688947912919804,2.5241076015183177,26304,20906.0,5227.0
MIRNOE,iesire_auto,3,HistGradientBoosting,2.0049711491321154,2.767432735053513,26304,20906.0,5227.0
VULCANESTI,iesire_auto,3,HistGradientBoosting,2.295749333729669,3.0241668709021714,26304,20906.0,5227.0
RADAUTI,iesire_auto,3,HistGradientBoosting,2.7358917859735197,3.8244586437611967,26304,20906.0,5227.0
CRIVA,iesire_auto,3,HistGradientBoosting,3.5468991576411675,4.835755366428547,26304,20906.0,5227.0
OTACI,iesire_auto,3,HistGradientBoosting,3.688165073637778,4.773545933986048,26304,20906.0,5227.0
COSTESTI,iesire_auto,3,HistGradientBoosting,4.339390658243131,5.599702001271312,26304,20906.0,5227.0
RENI,iesire_auto,3,HistGradientBoosting,4.69206008150487,5.952986781168627,26304,20906.0,5227.0
CAHUL,iesire_auto,3,HistGradientBoosting,5.736537697513585,7.491548214249734,26304,20906.0,5227.0
PALANCA,iesire_auto,3,HistGradientBoosting,6.485122525974929,8.689423841966509,26304,20906.0,5227.0
TUDORA,iesire_auto,3,RandomForest,6.95030194297922,9.613156069748527,26304,20906.0,5227.0
GIURGIULESTI,iesire_auto,3,HistGradientBoosting,7.898154530659621,10.206999644230583,26304,20906.0,5227.0
SCULENI,iesire_auto,3,HistGradientBoosting,11.752627535461455,16.167018062549438,26304,20906.0,5227.0
LEUSENI,iesire_auto,3,HistGradientBoosting,12.491389085286094,16.966320755229155,26304,20906.0,5227.0
MEDVEJA,intrare_auto,3,HistGradientBoosting,0.1228200916981148,0.25384455483892754,26304,20906.0,5227.0
CLOCUSNA,intrare_auto,3,HistGradientBoosting,0.2190335968825771,0.43889664384403254,26304,20906.0,5227.0
GRIMANCAUTI,intrare_auto,3,HistGradientBoosting,0.4028559870496415,0.6235942234648636,26304,20906.0,5227.0
SAITI,intrare_auto,3,HistGradientBoosting,0.43572998205698404,0.7269015726809764,26304,20906.0,5227.0
CISMICHIOI,intrare_auto,3,HistGradientBoosting,0.7265424271749491,1.1581774703680519,26304,20906.0,5227.0
LARGA,intrare_auto,3,HistGradientBoosting,0.922318472288214,1.7528987944887666,26304,20906.0,5227.0
OCNITA,intrare_auto,3,HistGradientBoosting,0.9948187030098329,1.599639120139346,26304,20906.0,5227.0
BASARABEASCA,intrare_auto,3,HistGradientBoosting,1.0465303100796246,1.674592492089053,26304,20906.0,5227.0
UNGURI,intrare_auto,3,HistGradientBoosting,1.437105185797252,2.1772174190899873,26304,20906.0,5227.0
BRICENI,intrare_auto,3,HistGradientBoosting,1.843024714799671,2.6419009925972343,26304,20906.0,5227.0
MIRNOE,intrare_auto,3,HistGradientBoosting,2.1017722373594347,2.9658170120914575,26304,20906.0,5227.0
VULCANESTI,intrare_auto,3,HistGradientBoosting,2.459843711939967,3.356685381370156,26304,20906.0,5227.0
RADAUTI,intrare_auto,3,HistGradientBoosting,2.6402177427495506,3.705789260237365,26304,20906.0,5227.0
RENI,intrare_auto,3,HistGradientBoosting,3.2562181487107074,4.3428220755551745,26304,20906.0,5227.0
OTACI,intrare_auto,3,HistGradientBoosting,3.8090193363690767,4.943416786732609,26304,20906.0,5227.0
CRIVA,intrare_auto,3,HistGradientBoosting,3.858234999780031,5.172311819767756,26304,20906.0,5227.0
COSTESTI,intrare_auto,3,HistGradientBoosting,4.421210062675082,5.796561131067325,26304,20906.0,5227.0
PALANCA,intrare_auto,3,HistGradientBoosting,6.323721706727571,8.621150913698814,26304,20906.0,5227.0
CAHUL,intrare_auto,3,HistGradientBoosting,6.651127082795565,8.70382749834043,26304,20906.0,5227.0
TUDORA,intrare_auto,3,RandomForest,7.251326409352343,9.799145425455784,26304,20906.0,5227.0
GIURGIULESTI,intrare_auto,3,HistGradientBoosting,7.401747832684021,9.67481665009928,26304,20906.0,5227.0
LEUSENI,intrare_auto,3,HistGradientBoosting,13.872733184498726,18.759729898917215,26304,20906.0,5227.0
SCULENI,intrare_auto,3,HistGradientBoosting,13.952992239741024,18.994852310841033,26304,20906.0,5227.0
MEDVEJA,iesire_auto,24,HistGradientBoosting,0.12798783726989194,0.2607305877346297,26304,20889.0,5223.0
CLOCUSNA,iesire_auto,24,HistGradientBoosting,0.23931008415757873,0.4858734342489556,26304,20889.0,5223.0
GRIMANCAUTI,iesire_auto,24,HistGradientBoosting,0.4567290868309473,0.7170807369372578,26304,20889.0,5223.0
SAITI,iesire_auto,24,HistGradientBoosting,0.4827601317235841,0.7968875013354619,26304,20889.0,5223.0
CISMICHIOI,iesire_auto,24,HistGradientBoosting,0.9067912444334357,1.333359895696244,26304,20889.0,5223.0
OCNITA,iesire_auto,24,HistGradientBoosting,1.051727938964139,1.5659012744796106,26304,20889.0,5223.0
LARGA,iesire_auto,24,HistGradientBoosting,1.051847576357633,1.704572988248001,26304,20889.0,5223.0
BASARABEASCA,iesire_auto,24,HistGradientBoosting,1.1150373165405902,1.6432483783002854,26304,20889.0,5223.0
UNGURI,iesire_auto,24,HistGradientBoosting,1.355423165977388,2.112044761443283,26304,20889.0,5223.0
MIRNOE,iesire_auto,24,HistGradientBoosting,1.8589147864885434,2.512851610904591,26304,20889.0,5223.0
BRICENI,iesire_auto,24,HistGradientBoosting,1.8848173729374427,2.5530453027173494,26304,20889.0,5223.0
VULCANESTI,iesire_auto,24,HistGradientBoosting,2.1959487493179126,2.878080927356261,26304,20889.0,5223.0
RADAUTI,iesire_auto,24,HistGradientBoosting,2.7686833434367135,3.8706522396572227,26304,20889.0,5223.0
CRIVA,iesire_auto,24,HistGradientBoosting,3.4200212409956388,4.586615775780648,26304,20889.0,5223.0
OTACI,iesire_auto,24,HistGradientBoosting,3.650886156062273,4.735726853119393,26304,20889.0,5223.0
COSTESTI,iesire_auto,24,HistGradientBoosting,4.338638763382978,5.646221652743484,26304,20889.0,5223.0
RENI,iesire_auto,24,HistGradientBoosting,4.7182097554662485,5.946435502485805,26304,20889.0,5223.0
CAHUL,iesire_auto,24,HistGradientBoosting,5.742222195569419,7.539893161842628,26304,20889.0,5223.0
PALANCA,iesire_auto,24,HistGradientBoosting,6.446372042540761,8.73755810849919,26304,20889.0,5223.0
TUDORA,iesire_auto,24,RandomForest,6.490250694045568,9.14532453398802,26304,20889.0,5223.0
GIURGIULESTI,iesire_auto,24,HistGradientBoosting,7.654664288378939,9.98601110678892,26304,20889.0,5223.0
SCULENI,iesire_auto,24,HistGradientBoosting,11.337951485751818,15.878261222714416,26304,20889.0,5223.0
LEUSENI,iesire_auto,24,HistGradientBoosting,11.936815890597316,16.18474940823989,26304,20889.0,5223.0
MEDVEJA,intrare_auto,24,HistGradientBoosting,0.12446036811504867,0.25373111473501225,26304,20889.0,5223.0
CLOCUSNA,intrare_auto,24,HistGradientBoosting,0.2188437527214124,0.43924636081621665,26304,20889.0,5223.0
GRIMANCAUTI,intrare_auto,24,HistGradientBoosting,0.4030902718617015,0.6222649869617144,26304,20889.0,5223.0
SAITI,intrare_auto,24,HistGradientBoosting,0.4359246818473157,0.731084891731255,26304,20889.0,5223.0
CISMICHIOI,intrare_auto,24,HistGradientBoosting,0.7308689240243333,1.1641516461359995,26304,20889.0,5223.0
LARGA,intrare_auto,24,HistGradientBoosting,0.9484098210565326,1.7859500003027697,26304,20889.0,5223.0
OCNITA,intrare_auto,24,HistGradientBoosting,0.9939896607735683,1.5952736672559003,26304,20889.0,5223.0
BASARABEASCA,intrare_auto,24,HistGradientBoosting,1.049721739685023,1.6862743793643755,26304,20889.0,5223.0
UNGURI,intrare_auto,24,HistGradientBoosting,1.4362271101445117,2.1549631338915214,26304,20889.0,5223.0
BRICENI,intrare_auto,24,HistGradientBoosting,1.8323184090241773,2.621652243574978,26304,20889.0,5223.0
MIRNOE,intrare_auto,24,HistGradientBoosting,2.010505906048062,2.8502300399515637,26304,20889.0,5223.0
VULCANESTI,intrare_auto,24,HistGradientBoosting,2.346107666707599,3.226161354268099,26304,20889.0,5223.0
RADAUTI,intrare_auto,24,HistGradientBoosting,2.657572070006934,3.775564118541987,26304,20889.0,5223.0
RENI,intrare_auto,24,HistGradientBoosting,3.253205115328168,4.337546022340361,26304,20889.0,5223.0
OTACI,intrare_auto,24,HistGradientBoosting,3.716138106934824,4.823241353283495,26304,20889.0,5223.0
CRIVA,intrare_auto,24,HistGradientBoosting,3.847143696286957,5.138581981974166,26304,20889.0,5223.0
COSTESTI,intrare_auto,24,HistGradientBoosting,4.436909970200801,5.811404881120927,26304,20889.0,5223.0
PALANCA,intrare_auto,24,HistGradientBoosting,6.087220737031444,8.280966793178886,26304,20889.0,5223.0
CAHUL,intrare_auto,24,HistGradientBoosting,6.573271159716929,8.543277806818203,26304,20889.0,5223.0
TUDORA,intrare_auto,24,RandomForest,7.007219310162842,9.564144216661306,26304,20889.0,5223.0
GIURGIULESTI,intrare_auto,24,HistGradientBoosting,7.401249332590109,9.718841881937868,26304,20889.0,5223.0
SCULENI,intrare_auto,24,HistGradientBoosting,13.23846902648158,18.402757942017622,26304,20889.0,5223.0
LEUSENI,intrare_auto,24,HistGradientBoosting,13.595033234213886,18.62323544746188,26304,20889.0,5223.0
